id,dropped,vis,item,question: ,option:,correct
1,no,VLAT_a,a_1,What was the price of a barrel of oil in February 2015? ,$39.72; $57.36; $48.90; $62.85,$48.90 
2,no,VLAT_a,a_2,In which month was the price of a barrel of oil the lowest in 2015?,April; June; September; December,April
3,no,VLAT_a,a_3,What was the price range of a barrel of oil in 2015?,$48.36 - $60.95; $37.75 - $63.40; $31.04 - $60.95; $35.04 - $61.95, $37.75 - $63.40
4,no,VLAT_a,a_4,"Over the course of the second half of 2015, the price of a barrel of oil was ____________.",rising; falling; staying,rising
5,no,VLAT_a,a_5,About how much did the price of a barrel of oil rise from April to September in 2015?,$4.56; $14.63; $23.55; $45.56,$23.55 
6,no,VLAT_b,b_1,What is the average internet speed in Japan?,4 Mbps; 9 Mbps; 13 Mbps; 17 Mbps,17 Mbps
7,no,VLAT_b,b_2,In which country is the average internet speed the fastest in Asia?,Japan; South Korea; Sri Lanka; India,Sri Lanka
8,no,VLAT_b,b_3,What is the range of the average internet speed in Asia?,0 - 25 Mbps; 9 - 18 Mbps; 3 - 20 Mbps; 4 - 7 Mbps,3 - 20 Mbps
9,no,VLAT_b,b_4,How many countries in Asia is the average internet speed slower than Thailand?,2 countries; 4 countries; 6 countries; 10 countries,10 countries
10,no,VLAT_c,c_1,What is the cost of peanuts in Las Vegas?,$5; $15; $23.4; $35.4,$5 
11,no,VLAT_c,c_2,About what is the ratio of the cost of a sandwich to the total cost of room service in Seattle?,1 to 10; 10 to 15; 8 to 25; 1 to 4,1 to 4
12,no,VLAT_c,c_3,In which city is the cost of soda the highest?,New York City; Las Vegas; Atalanta; San Francisco,San Francisco
13,yes,VLAT_c,c_4,What is the cost range of a sandwich in the cities?,$0 - $24; $0 - $55.9; $5 - $16; $17 - $35.2,$5 - $16
14,no,VLAT_c,c_5,The cost of vodka in Atlanta is higher than that of Honolulu.,True; False,FALSE
15,no,VLAT_c,c_6,The ratio of the cost of Soda to the cost of Water in Orlando is higher than that of Washington D.C.,True; False,TRUE
16,no,VLAT_d,d_1,What is the approval rating of Republicans among the people who have the education level of Postgraduate Study?,38%; 47%; 53%; 75%,75%
17,no,VLAT_d,d_2,What is the education level of people in which the Democrats have the lowest approval rating?,High School Graduate or Less; Some College Degree; College Graduate; Postgraduate study,Postgraduate study
18,no,VLAT_d,d_3,The approval rating of Republicans for the people who have the education level of Some College Degree is lower than that for the people who have the education level of Postgraduate Study.,True; False,TRUE
19,no,VLAT_e,e_1,About what is the global smartphone market share of Samsung?,15%; 25%; 32%; 50%,32%
20,no,VLAT_e,e_2,In which company is the global smartphone market share the smallest?,Apple; Xiaomi; Lenovo; Others,Others
21,no,VLAT_e,e_3,The global smartphone market share of Apple is larger than that of Huawei.,True; False,TRUE
22,no,VLAT_f,f_1,How many people have rated the taxi between 4.0 and 4.2?,145; 183; 250; 310,310
23,no,VLAT_f,f_2,What is the rating that the people have rated the taxi the most?,4.2-4.4; 4.4-4.6; 4.6-4.8; 4.8-5.0,4.2-4.4
24,yes,VLAT_f,f_3,The distribution of the taxi passenger rating is generally skewed to the left.,True; False,TRUE
25,no,VLAT_f,f_4,More people have rated the taxi between 4.6 and 4.8 than between 4.2 and 4.4.,True; False,FALSE
26,yes,VLAT_f,f_5,How many people have rated the taxi 4.9?,200; 240; 345; Cannot be inferred,Cannot be inferred
27,no,VLAT_g,g_1,What is the weight for the person who is 166 cm tall?,58.2 kg; 70.5 kg; 80.7 kg; 85.7 kg,70.5 kg
28,no,VLAT_g,g_2,What is the height for the tallest person among the 85 males?,145.3 cm; 175.3 cm; 182 cm; 197.1 cm,197.1 cm
29,no,VLAT_g,g_3,What is the range in weight for the 85 males?,40 - 130 kg; 62.3 - 90.9 kg; 53.9 - 116.3 kg; 53.9 - 123.6 kg,53.9 - 116.3 kg
30,yes,VLAT_g,g_4,More than 60 percent of males lie between the weights of 60 kg and 100 kg.,True; False,TRUE
31,no,VLAT_g,g_5,No person weighs more than 120 kg.,True; False,TRUE
32,no,VLAT_g,g_6,A group of males are gathered around the height of 176 cm and the weight of 70 kg.,True; False,FALSE
33,no,VLAT_g,g_7,There is a negative linear relationship between the height and the weight of the 85 males.,True; False,FALSE
34,no,VLAT_g,g_8,The weights for males with the height of 185-190 cm are all the same.,True; False,FALSE
35,no,VLAT_i,i_1,What was the average price of a pound of coffee beans in September 2013?,$4.90; $5.00; $5.10; $5.50,$5.50 
36,no,VLAT_i,i_2,When was the average price of a pound of coffee beans at minimum?,April 2013; September 2013; February 2014; December 2014,14-Feb
37,no,VLAT_i,i_3,What was the range of the average price of a pound of coffee beans between January 2013 and December 2014?,$5.4 - $6.2; $4.6 - $5.9; $4.6 - $6.0; $4.6 - $6.1,$4.6 - $6.1
38,no,VLAT_i,i_4,"Over the course of 2013, the average price of a pound of coffee beans was ____________.","rising; falling; staying, rising then falling",rising then falling
39,yes,VLAT_i,i_5,For how many months was the average price of a pound of coffee beans cheaper than that in December 2014?,3 months; 5 months; 9 months; 12 months,12 months
40,no,VLAT_j,j_1,What was the number of girls named ‘Amelia’ in 2010 in the UK?,1500; 3800; 10100; 25300,"10,100"
41,no,VLAT_j,j_2,About what was the ratio of the number of girls named ‘Olivia’ to those named ‘Isla’ in 2014 in the UK?,1 to 1; 1 to 7; 1 to 15; 1 to 20,1 to 1
42,no,VLAT_j,j_3,"Over the course of years between 2009 and 2014, when was the number of girls named ‘Amelia’ at the maximum?",2009; 2011; 2012; 2014,2014
43,yes,VLAT_j,j_4,"Over the course of years between 2009 and 2014, what was the range of the number of girls named ‘Olivia’?","500 - 4,700; 1,200 - 3,300; 1,800 - 4,000; 2,100 - 5,200","2,100 - 5,200"
44,no,VLAT_j,j_5,The number of girls named ‘Isla’ was __________ from 2009 to 2012.,rising; falling; staying,rising
45,no,VLAT_j,j_6,"In the UK, the number of girls named ‘Amelia’ in 2014 was more than it was in 2013.",True; False,TRUE
46,no,VLAT_j,j_7,"Over the course of years between 2009 and 2014, the number of girls named ‘Amelia’ was always more or equal than ‘Olivia’.",True; False,TRUE
47,no,VLAT_h,h_1,What is the total length of the metro system in C?,330 km; 400 km; 530 km; 560 km,330 km
48,no,VLAT_h,h_2,Which city’s metro system has the largest number of stations?,F; D; A; K,F
49,no,VLAT_h,h_3,What is the range of the total length of the metro systems?,150 - 600 km; 240 - 380 km; 240 - 560 km; 190 - 540 km,190 - 540 km
50,yes,VLAT_h,h_4,"In general, the number of stations of the metro systems of the world is evenly distributed.",True; False,FALSE
51,no,VLAT_h,h_5,Which city’s metro system does lie outside the relationship between the total system length and the number of stations most?,A; E; J; G,G
52,no,VLAT_h,h_6,A group of the metro systems of the world has approximately 300 stations and around a 200 km system length.,True; False,FALSE
53,no,VLAT_h,h_7,"In general, the ridership of the metro system increases as the number of stations increases.",True; False,FALSE
54,no,VLAT_h,h_8,The metro system in B has more ridership than the metro system in G.,True; False,TRUE
55,no,VLAT_k,k_1,What was the unemployment rate for Indiana (IN) in 2015?,1.1% - 2.3%; 2.3% - 3.4%; 3.4% - 4.6%; 4.6% - 5.7%,1.1% - 2.3%
56,no,VLAT_k,k_2,In which state was the unemployment rate the highest in 2015?,Alaska (AK); New Mexico (NM); Florida (FL); New York (NY),Alaska (AK)
57,no,VLAT_k,k_3,"In 2015, the unemployment rate for Washington (WA) was higher than that of Arizona (AZ).",True; False,FALSE
58,yes,VLAT_l,l_1,"Out of the total number of unique visitors across all the websites, about what percentage of unique visitors were from Google in 2010?",1%; 7%; 20%; 30%,7%
59,no,VLAT_l,l_2,For which website was the number of unique visitors the largest in 2010?,Facebook; Amazon; Bing; Google,Google
60,no,VLAT_l,l_3,The number of unique visitors for Amazon was more than that of Yahoo in 2010.,True; False,TRUE
61,no,VLAT_l,l_4,Samsung is nested in the Computer category.,True; False,TRUE
